S.No.,State/UT,Number of Farmers Trained - 2017-18,Number of Farmers Trained - 2018-19
1,Telangana,660,600
2,Andhra Pradesh,240,480
3,Assam,1260,1080
4,Andaman & Nicobar,360,210
5,Arunachal Pradesh,240,300
6,Bihar,840,720
7,Chhattisgarh,540,300
8,Goa,300,240
9,Gujarat,480,480
10,Haryana,1020,1020
11,Himachal Pradesh,540,660
12,Jammu & Kashmir,600,600
13,Jharkhand,60,60
14,Karnataka,480,480
15,Kerala,1320,1200
16,Madhya Pradesh,1320,1080
17,Meghalaya,420,420
18,Maharashtra,360,720
19,Manipur,960,780
20,Mizoram,420,570
21,Nagaland,360,540
22,Odisha,360,360
23,Punjab,240,300
24,Rajasthan,600,480
25,Sikkim,600,660
26,Tamil Nadu,660,840
27,Tripura,720,720
28,Uttarakhand,360,360
29,Uttar Pradesh,540,360
30,West Bengal,180,180
